<ngay>,<sl>,<gia>
501,0,6.199999809265137
502,0,6.28000020980835
503,0,6.179999828338623
504,0,6.070000171661377
505,0,5.96999979019165
506,0,6.050000190734863
507,0,6.119999885559082
508,0,6.199999809265137
509,0,6.099999904632568
510,0,5.989999771118164
511,0,6.099999904632568
512,0,6.179999828338623
513,0,6.28000020980835
514,0,6.389999866485596
515,0,6.489999771118164
516,0,6.599999904632568
517,0,6.730000019073486
518,0,6.809999942779541
519,0,6.809999942779541
520,0,6.619999885559082
