<ngay>,<sl>,<gia>
501,0,14.380000114440918
502,0,14.1899995803833
503,0,14.0600004196167
504,0,13.75
505,0,13.75
506,0,13.75
507,0,13.619999885559082
508,0,13.0
509,0,13.8100004196167
510,0,14.4399995803833
511,0,13.6899995803833
512,0,14.0600004196167
513,0,13.75
514,0,13.4399995803833
515,0,13.380000114440918
516,0,13.25
517,0,13.4399995803833
518,0,13.380000114440918
519,0,13.25
520,0,13.0
