<ngay>,<sl>,<gia>
501,0,3.4800000190734863
502,0,3.5199999809265137
503,0,3.630000114440918
504,0,3.5
505,0,3.3299999237060547
506,0,3.3299999237060547
507,0,3.4800000190734863
508,0,3.309999942779541
509,0,3.259999990463257
510,0,3.4100000858306885
511,0,3.309999942779541
512,0,3.3299999237060547
513,0,3.180000066757202
514,0,3.049999952316284
515,0,3.0199999809265137
516,0,3.049999952316284
517,0,3.049999952316284
518,0,3.049999952316284
519,0,2.890000104904175
520,0,2.940000057220459
