<ngay>,<sl>,<gia>
501,0,3.75
502,0,3.6600000858306885
503,0,3.6600000858306885
504,0,3.569999933242798
505,0,3.569999933242798
506,0,3.390000104904175
507,0,3.299999952316284
508,0,3.4800000190734863
509,0,3.569999933242798
510,0,3.4800000190734863
511,0,3.390000104904175
512,0,3.390000104904175
513,0,3.390000104904175
514,0,3.390000104904175
515,0,3.390000104904175
516,0,3.299999952316284
517,0,3.299999952316284
518,0,3.299999952316284
519,0,3.2100000381469727
520,0,3.299999952316284
