<ngay>,<sl>,<gia>
501,0,7.320000171661377
502,0,7.110000133514404
503,0,6.900000095367432
504,0,6.699999809265137
505,0,6.5
506,0,6.309999942779541
507,0,6.130000114440918
508,0,6.309999942779541
509,0,6.489999771118164
510,0,6.679999828338623
511,0,6.880000114440918
512,0,6.96999979019165
513,0,7.110000133514404
514,0,6.900000095367432
515,0,7.110000133514404
516,0,7.179999828338623
517,0,7.039999961853027
518,0,7.25
519,0,7.460000038146973
520,0,7.659999847412109
