<ngay>,<sl>,<gia>
501,0,6.619999885559082
502,0,6.789999961853027
503,0,7.099999904632568
504,0,7.190000057220459
505,0,7.010000228881836
506,0,7.059999942779541
507,0,6.840000152587891
508,0,6.840000152587891
509,0,7.059999942779541
510,0,7.409999847412109
511,0,7.5
512,0,7.71999979019165
513,0,7.590000152587891
514,0,7.590000152587891
515,0,7.940000057220459
516,0,7.539999961853027
517,0,7.809999942779541
518,0,7.539999961853027
519,0,7.679999828338623
520,0,7.449999809265137
