<ngay>,<sl>,<gia>
501,0,9.380000114440918
502,0,9.600000381469727
503,0,9.449999809265137
504,0,9.239999771118164
505,0,9.239999771118164
506,0,9.3100004196167
507,0,9.380000114440918
508,0,9.380000114440918
509,0,9.380000114440918
510,0,9.739999771118164
511,0,9.739999771118164
512,0,9.670000076293945
513,0,9.8100004196167
514,0,9.880000114440918
515,0,9.880000114440918
516,0,9.8100004196167
517,0,9.8100004196167
518,0,10.170000076293945
519,0,9.739999771118164
520,0,9.8100004196167
