<ngay>,<sl>,<gia>
501,0,7.46999979019165
502,0,7.400000095367432
503,0,7.130000114440918
504,0,7.260000228881836
505,0,7.400000095367432
506,0,7.059999942779541
507,0,6.590000152587891
508,0,6.650000095367432
509,0,6.590000152587891
510,0,6.519999980926514
511,0,6.71999979019165
512,0,6.989999771118164
513,0,6.590000152587891
514,0,6.71999979019165
515,0,6.989999771118164
516,0,7.329999923706055
517,0,7.739999771118164
518,0,8.149999618530273
519,0,8.010000228881836
520,0,7.539999961853027
