<ngay>,<sl>,<gia>
501,0,21.1299991607666
502,0,20.979999542236328
503,0,21.1299991607666
504,0,20.510000228881836
505,0,20.670000076293945
506,0,20.670000076293945
507,0,20.510000228881836
508,0,20.360000610351562
509,0,20.049999237060547
510,0,19.270000457763672
511,0,19.270000457763672
512,0,19.43000030517578
513,0,18.489999771118164
514,0,17.719999313354492
515,0,16.940000534057617
516,0,16.15999984741211
517,0,16.31999969482422
518,0,17.09000015258789
519,0,17.559999465942383
520,0,17.25
