<ngay>,<sl>,<gia>
20110510,0,5.0
20110511,0,5.0
20110512,0,5.0
20110513,0,5.099999904632568
20110514,0,5.099999904632568
20110515,0,5.099999904632568
20110516,0,5.0
20110517,0,4.900000095367432
20110518,0,4.800000190734863
20110519,0,4.599999904632568
20110520,0,4.400000095367432
20110521,0,4.400000095367432
20110522,0,4.400000095367432
20110523,0,4.199999809265137
20110524,0,4.0
20110525,0,3.799999952316284
20110526,0,4.0
20110527,0,4.0
20110528,0,4.0
20110529,0,4.0
