<ngay>,<sl>,<gia>
20110510,0,12.100000381469727
20110511,0,12.199999809265137
20110512,0,12.170000076293945
20110513,0,12.100000381469727
20110514,0,12.100000381469727
20110515,0,12.100000381469727
20110516,0,11.789999961853027
20110517,0,11.789999961853027
20110518,0,11.479999542236328
20110519,0,11.359999656677246
20110520,0,11.170000076293945
20110521,0,11.170000076293945
20110522,0,11.170000076293945
20110523,0,10.930000305175781
20110524,0,10.930000305175781
20110525,0,10.859999656677246
20110526,0,11.170000076293945
20110527,0,11.479999542236328
20110528,0,11.479999542236328
20110529,0,11.479999542236328
