<ngay>,<sl>,<gia>
20110510,0,16.600000381469727
20110511,0,16.5
20110512,0,16.399999618530273
20110513,0,16.200000762939453
20110514,0,16.200000762939453
20110515,0,16.200000762939453
20110516,0,15.899999618530273
20110517,0,15.5
20110518,0,16.200000762939453
20110519,0,15.800000190734863
20110520,0,15.5
20110521,0,15.5
20110522,0,15.5
20110523,0,14.600000381469727
20110524,0,13.699999809265137
20110525,0,13.0
20110526,0,13.5
20110527,0,13.5
20110528,0,13.5
20110529,0,13.5
