<ngay>,<sl>,<gia>
20110510,0,21.799999237060547
20110511,0,22.0
20110512,0,21.899999618530273
20110513,0,22.0
20110514,0,22.0
20110515,0,22.0
20110516,0,22.0
20110517,0,21.899999618530273
20110518,0,21.899999618530273
20110519,0,21.899999618530273
20110520,0,21.600000381469727
20110521,0,21.600000381469727
20110522,0,21.600000381469727
20110523,0,21.5
20110524,0,21.200000762939453
20110525,0,20.399999618530273
20110526,0,21.0
20110527,0,20.5
20110528,0,20.5
20110529,0,20.5
