<ngay>,<sl>,<gia>
501,0,43.0
502,0,40.5
503,0,40.099998474121094
504,0,42.900001525878906
505,0,41.79999923706055
506,0,40.900001525878906
507,0,40.79999923706055
508,0,31.0
509,0,29.899999618530273
510,0,28.299999237060547
511,0,29.200000762939453
512,0,28.100000381469727
513,0,28.299999237060547
514,0,29.399999618530273
515,0,30.899999618530273
516,0,29.0
517,0,29.399999618530273
518,0,29.5
519,0,29.299999237060547
520,0,29.200000762939453
